rs number	NG_011745.1 (start=1)	NG_011745.1 (ATG=+1)	NM_006446.5 (ATG=+1)	GRCh37	GRCh38	SNP	Impact
.	.	.	.	21279127	.	.	.
rs4149015	4195	-11187	-910	21283322	.	G>A	unknown
rs397978904	4272	-11110	-833	21283399	.	T>G	unknown
rs11835045	4692	-10690	-413	21283819	.	T>C	unknown
??	.	.	-314	.	.	T>C	.
rs59710386	4883	-10499	-222	21284010	.	A>C	unknown
rs139257324	46541	31159	169	21325668	.	C>T	A57W
rs373327528	46583	31201	211	21325710	.	G>A	G71R
rs56101265	46589	31207	217	21325716	.	T>C	F73L
rs56061388	48402	33020	245	21327529	.	T>C	V82A
rs2306283	50611	35229	388	21329738	.	A>G	N130D
rs11045818	50634	35252	411	21329761	.	G>A	S137=
rs2306282	50675	35293	452	21329802	.	A>G	N151S
??	50678	35296	455	.	.	G>A	R152L
rs11045819	50686	35304	463	21329813	.	C>A	P155S
rs72559745	50690	35308	467	21329817	.	A>G	E156G
rs77271279	50705	35323	481+1	21329832	.	G>T	splice donor
rs141467543	52419	37037	518	21331546	.	A>G	Y173C
 rs4149056	52422	37040	521	21331549	.	T>C	V174A
rs4149057	52472	37090	571	21331599	.	T>C	L191=
rs72559746	52479	37097	578	21331606	.	T>G	L193R
rs2291075	52498	37116	597	21331625	.	C>T	F199=
rs79135870	52764	37382	664	21331891	.	A>G	I222V
rs2291076	52860	37478	727+33	21331987	.	C>T	unknown
??	.	-15382	.	.	.	G>A	D241=
rs11045852	70758	55376	733	21349885	.	A>G	I245V
rs183501729 	70782	55400	757	21349909	.	C>T	R253X
rs11045853	70783	55401	758	21349910	.	G>A	R253Q
rs11045854 	70907	55525	882	21350034	.	G>A	L294=
rs55901008	74402	59020	1058	21353529	.	T>C	I353T
rs57040246	74430	59048	1086	21353557	.	C>T	Y362=
??	76360	60978	1198	21355487	.	T>G	.
rs59113707	76362	60980	1200	21355489	.	C>G	F400L
rs11045859	76410	61028	1248	21355537	.	G>A	V416=
rs56387224	76456	61074	1294	21355583	.	A>G	N432Y
rs142965323	76471	61089	1309	21355598	.	G>A	G437R
rs72559748	79728	64346	1385	21358855	.	A>G	D462G
rs74064211	79795	64413	1452	21358922	.	C>T	P484=
rs59502379	79806	64424	1463	21358933	.	G>C	G488A
rs74064213	79838	64456	1495	21358965	.	A>G	I499V
rs34671512	112849	97467	1929	21391976	.	A>C	L643F
rs56199088	112884	97502	1964	21392011	.	A>G	D655V
rs55737008	112920	97538	2000	21392047	.	A>G	E667G
rs200995543	112952	97570	2032	21392079	.	C>T	H678Y
rs140790673	112965	97583	2045	21392092	.	C>T	S682F
rs74064260	113117	97735	*121=	21392244	.	G>C	unknown
rs4149085	113163	97781	*167=	21392290	.	T>C	unknown
rs4149087	113435	98053	*439=	21392562	.	T>G	unknown
rs4149088	113459	98077	*463=	21392586	.	A>G	unknown
