rsID	NG_011745.1 (start=1)	NG_011745.1 (ATG=+1)	NM_006446.5 (ATG=+1)	GRCh37	GRCh38	SNP	Impact	Issues
.	.	.	.	21279127	21126193	A	.	This variant is outside of NG_011745.1 and thus cannot be liftover'ed.
rs4149015	4195	-11187	c.-910	21283322	21130388	G>A	unknown	.
rs397978904	4272	-11110	c.-833	21283399	21130465	T>G	unknown	.
rs11835045	4692	-10690	c.-413	21283819	21130885	T>C	unknown	.
??	.	.	c.-314	.	.	T>C	.	This variant should be G>C.
rs59710386	4883	-10499	c.-222	21284010	21131076	A>C	unknown	.
rs139257324	46541	31159	c.169	21325668	21172734	C>T	A57W	This variant should be R57W.
rs373327528	46583	31201	c.211	21325710	21172776	G>A	G71R	.
rs56101265	46589	31207	c.217	21325716	21172782	T>C	F73L	.
rs56061388	48402	33020	c.245	21327529	21174595	T>C	V82A	.
rs2306283	50611	35229	c.388	21329738	21176804	A>G	N130D	.
rs11045818	50634	35252	c.411	21329761	21176827	G>A	S137=	.
rs2306282	50675	35293	c.452	21329802	21176868	A>G	N151S	.
rs145144129	50678	35296	c.455	21329805	21176871	G>A	R152L	This variant does not have an rsID (rs145144129 is for G>C).
rs11045819	50686	35304	c.463	21329813	21176879	C>A	P155S	.
rs72559745	50690	35308	c.467	21329817	21176883	A>G	E156G	.
rs77271279	50705	35323	c.481+1	21329832	21176898	G>T	splice donor	.
rs141467543	52419	37037	c.518	21331546	21178612	A>G	Y173C	.
rs4149056	52422	37040	c.521	21331549	21178615	T>C	V174A	.
rs4149057	52472	37090	c.571	21331599	21178665	T>C	L191=	.
rs72559746	52479	37097	c.578	21331606	21178672	T>G	L193R	.
rs2291075	52498	37116	c.597	21331625	21178691	C>T	F199=	.
rs79135870	52764	37382	c.664	21331891	21178957	A>G	I222V	.
rs2291076	52860	37478	c.727+33	21331987	21179053	C>T	unknown	.
??	.	-15382	.	.	.	G>A	D241=	Not sure what this means.
rs11045852	70758	55376	c.733	21349885	21196951	A>G	I245V	.
rs183501729	70782	55400	c.757	21349909	21196975	C>T	R253X	.
rs11045853	70783	55401	c.758	21349910	21196976	G>A	R253Q	.
rs11045854	70907	55525	c.882	21350034	21197100	G>A	L294=	.
rs55901008	74402	59020	c.1058	21353529	21200595	T>C	I353T	.
rs57040246	74430	59048	c.1086	21353557	21200623	C>T	Y362=	.
rs1228465562	76360	60978	c.1198	21355487	21202553	T>G	F400V	.
rs59113707	76362	60980	c.1200	21355489	21202555	C>G	F400L	.
rs11045859	76410	61028	c.1248	21355537	21202603	G>A	V416=	.
rs56387224	76456	61074	c.1294	21355583	21202649	A>G	N432Y	.
rs142965323	76471	61089	c.1309	21355598	21202664	G>A	G437R	.
rs72559748	79728	64346	c.1385	21358855	21205921	A>G	D462G	.
rs74064211	79795	64413	c.1452	21358922	21205988	C>T	P484=	.
rs59502379	79806	64424	c.1463	21358933	21205999	G>C	G488A	.
rs74064213	79838	64456	c.1495	21358965	21206031	A>G	I499V	.
rs34671512	112849	97467	c.1929	21391976	21239042	A>C	L643F	.
rs56199088	112884	97502	c.1964	21392011	21239077	A>G	D655V	.
rs55737008	112920	97538	c.2000	21392047	21239113	A>G	E667G	.
rs200995543	112952	97570	c.2032	21392079	21239145	C>T	H678Y	.
rs140790673	112965	97583	c.2045	21392092	21239158	C>T	S682F	.
rs74064260	113117	97735	c.*121	21392244	21239310	G>C	unknown	.
rs4149085	113163	97781	c.*167	21392290	21239356	T>C	unknown	.
rs4149087	113435	98053	c.*439	21392562	21239628	T>G	unknown	.
rs4149088	113459	98077	c.*463	21392586	21239652	A>G	unknown	.
